store_id,clinic_name,store_name,Zipcode,adress,access
dio_001,DIO,札幌院,〒060-0004,北海道札幌市中央区北四条西2丁目1-18 邦洋札幌Ｎ4・2ビル 2階,地下鉄さっぽろ駅徒歩1分 JR札幌駅徒歩4分
dio_002,DIO,仙台院,〒980-0021,宮城県仙台市青葉区中央3丁目1-3 aune仙台 4階,仙台駅徒歩3分 あおば通駅徒歩2分
dio_003,DIO,銀座有楽町院,〒100-0006,東京都千代田区有楽町２丁目３−５ AUNE有楽町 ９F,日比谷駅A1出口直結 銀座駅C1出口徒歩2分 有楽町駅銀座口徒歩3分
dio_004,DIO,立川院,〒190-0023,東京都立川市柴崎町2-3-18 粂川第二ビル 4F,立川南駅1番出口から徒歩2分、立川駅南口から徒歩4分
dio_005,DIO,銀座院,〒104-0061,東京都中央区銀座五丁目９番１１号 銀座ファゼンダビル４階,銀座駅A3出口より徒歩2分
dio_006,DIO,上野院,〒110-0015,東京都台東区東上野２丁目１８−６ 常磐ビル 地下1階,各線上野駅より徒歩1分
dio_007,DIO,池袋院,〒170-0013,東京都豊島区東池袋1丁目30−6 セイコーサンシャインビルⅫ 8F,JR池袋駅東口より徒歩5分
dio_008,DIO,新宿院,〒160-0022,東京都新宿区新宿4丁目2-23 新四curumuビル 地下1階,新宿駅南東口より徒歩3分、新宿三丁目駅直通
dio_009,DIO,渋谷院,〒150-0042,東京都渋谷区宇田川町33-1グランド東京渋谷ビル4階,JR渋谷駅ハチ公口より徒歩5分・東京メトロ渋谷駅A2出口より徒歩2分
dio_010,DIO,大宮院,〒330-0802,埼玉県さいたま市大宮区宮町2-28 あじせんビル 5F,大宮駅東口より徒歩5分
dio_011,DIO,横浜院,〒220-0005,"神奈川県横浜市西区南幸2-18-3 LUCID SQUARE Yokohama West2F,3F",JR横浜駅西口より徒歩7分
dio_012,DIO,川崎院,〒210-0007,神奈川県川崎市川崎区駅前本町２６−４ ラウンドクロス川崎 ４Ｆ,JR川崎駅中央東口より徒歩2分
dio_013,DIO,千葉駅前院,〒260-0015,千葉県千葉市中央区富士見2丁目7-4 富士見ハイネスビル 5F,JR千葉駅東口より徒歩5分
dio_014,DIO,名古屋院,〒450-0003,愛知県名古屋市中村区名駅南1丁目16-28EDGE名駅地下1階,各線名古屋駅広小路口 徒歩7分
dio_015,DIO,栄院,〒460-0008,愛知県名古屋市中区栄3-27-1 SAKAE PLACE B1F,矢場町駅徒歩5分 栄駅徒歩9分
dio_016,DIO,京都院,〒600-8021,京都市下京区河原町通四条下ル順風町 305 番地 四条河原町ビル4階,京都河原町駅2番出口から徒歩1分
dio_017,DIO,梅田院,〒530-0014,大阪府大阪市北区鶴野町4番11号 朝日プラザ梅田 1階,大阪梅田駅より徒歩6分 中崎町駅より徒歩6分
dio_018,DIO,神戸三宮院,〒650-0022,兵庫県神戸市中央区元町通1丁目7-1 VEGAビル 5F,元町駅徒歩3分 三宮・神戸三宮駅徒歩11分
dio_019,DIO,天王寺院,〒545-0052,大阪府大阪市阿倍野区阿倍野筋1-5-1 あべのルシアス 15F,天王寺駅14番出口徒歩3分
dio_020,DIO,大阪梅田院,〒530-0057,大阪府大阪市北区曽根崎2-13-17 曽根崎渡辺ビル 3F,大阪駅徒歩7分 東梅田駅徒歩1分
dio_021,DIO,なんば心斎橋院,〒542-0085,大阪府大阪市中央区心斎橋筋 2丁目5-5 Shinsaibashi GATE 8階,なんば駅14番出口から徒歩2分
dio_022,DIO,広島院,〒730-0031,広島県広島市中区紙屋町2-3-20 ソシオスクエア紙屋町ビル 3F,本通駅徒歩2分 紙屋町西駅徒歩4分
dio_023,DIO,福岡天神院,〒810-0001,福岡県福岡市中央区天神二丁目8番22号 Ｇビル天神西通り01 3階,天神駅3番出口徒歩2分
eminal_001,エミナルクリニック,札幌院,〒060-0001,北海道札幌市中央区北1条西3丁目3-11 桂和北1条ビル9階・10階,大通駅7番出口より徒歩5分 または札幌駅前通地下歩行空間9番出口より徒歩1分
eminal_002,エミナルクリニック,旭川院,〒070-0031,北海道旭川市1条通10丁目342-2スペーシア旭川一条通3階,JR旭川駅から徒歩5分
eminal_003,エミナルクリニック,青森院,〒030-0822,青森県青森市中央1丁目25-9AQUA青森中央ビル3階,青森駅 徒歩22分
eminal_004,エミナルクリニック,盛岡院,〒020-0021,岩手県盛岡市中央通1丁目9-11CUBE映画館通りビル2階,JR東北本線 盛岡駅から徒歩13分
eminal_005,エミナルクリニック,仙台院,〒980-0811,宮城県仙台市青葉区一番町3-9-13 DATE ONEビル5階,広瀬通駅徒歩5分
eminal_006,エミナルクリニック,秋田院,郵便番号が見つかりません,秋田県秋田市中通2-4-22Flat秋田1階・2階,JR秋田駅から徒歩5分
eminal_007,エミナルクリニック,郡山院,〒963-8004,福島県郡山市中町7-17 かねいビル1F,JR郡山駅より徒歩5分
eminal_008,エミナルクリニック,水戸院,〒310-0015,茨城県水戸市宮町1丁目7-20ホテルテラスザガーデン水戸1階,JR水戸駅から徒歩すぐ
eminal_009,エミナルクリニック,宇都宮院,〒320-0802,栃木県宇都宮市江野町6-10 天心堂ビル5F,東武宇都宮駅東口徒歩約1分
eminal_010,エミナルクリニック,高崎院,〒370-0828,群馬県高崎市宮元町227高崎ステージビル3階,JR高崎駅から徒歩11分
eminal_011,エミナルクリニック,大宮院,〒330-0845,埼玉県さいたま市大宮区仲町1丁目54-3 ビジョナリーⅢ 5F,JR大宮駅東口より徒歩4分
eminal_012,エミナルクリニック,千葉院,〒260-0015,千葉県千葉市中央区富士見1-14-11 常盤ビル7階,JR千葉駅徒歩5分
eminal_013,エミナルクリニック,船橋院,〒273-0005,千葉県船橋市本町4-2-9 菅野屋船橋ビル3F,東武/JR船橋駅南口より徒歩2分 または京成船橋駅より徒歩5分
eminal_014,エミナルクリニック,新宿西口院,〒160-0023,東京都新宿区西新宿1-4-1 プリンスビル7F,JR新宿駅 徒歩3分
eminal_015,エミナルクリニック,新宿院（施術専門院）,〒160-0022,東京都新宿区新宿3丁目1－16京王新宿追分第二ビル3階,JR「新宿駅」南口徒歩4分
eminal_016,エミナルクリニック,渋谷駅前院,〒150-0043,東京都 渋谷区道玄坂1-3-1 飯島ビル8F,JR渋谷駅ハチ公口から徒歩1分
eminal_017,エミナルクリニック,渋谷院（施術専門院）,〒150-0002,東京都 渋谷区渋谷2丁目22－16 渋谷TRビル5階,JR渋谷駅から徒歩2分
eminal_018,エミナルクリニック,銀座院,〒104-0061,東京都中央区銀座2-8-12 クローバー銀座 8F,銀座駅徒歩3分
eminal_019,エミナルクリニック,池袋院,〒171-0022,東京都豊島区南池袋3-13-10 ISP第3ビル4F,池袋駅東口徒歩5分
eminal_020,エミナルクリニック,池袋東口院,〒171-0022,豊島区南池袋2丁目27-8 第10野萩ビル7階,池袋駅東口徒歩5分
eminal_021,エミナルクリニック,上野院,〒110-0005,東京都台東区上野7丁目3-2 TSDビル6階,JR上野駅より徒歩2分
eminal_022,エミナルクリニック,立川院,〒190-0012,東京都立川市曙町1丁目-14-17籏野ビル5階,立川駅から徒歩4分
eminal_023,エミナルクリニック,町田院,〒194-0013,東京都町田市原町田6丁目7-8 ティップス町田ビル3階,JR横浜線 町田駅徒歩5分
eminal_024,エミナルクリニック,横浜院,〒220-0004,神奈川県横浜市西区北幸1丁目1-8 エキニア横浜7階(707),JR横浜駅より徒歩1分
eminal_025,エミナルクリニック,川崎院,〒210-0006,神奈川県川崎市川崎区砂子2-4-17 Cassia Kawasaki Residence 2階,JR川崎駅から徒歩5分
eminal_026,エミナルクリニック,新潟院,〒950-0088,新潟県新潟市中央区万代1丁目1-26 万代ビル4F,JR新潟駅 徒歩7分
eminal_027,エミナルクリニック,富山院,〒930-0002,富山県富山市新富町2-4-25 カーニープレイス富山3F,JR富山駅 徒歩6分
eminal_028,エミナルクリニック,金沢院,〒920-0853,石川県金沢市本町1丁目5番3号 リファーレ2F,JR金沢駅から徒歩6分
eminal_029,エミナルクリニック,福井院,〒910-0005,福井県福井市大手3丁目4番1号福井放送会館 地下1階,JR福井駅から徒歩5分
eminal_030,エミナルクリニック,長野院,〒380-0825,長野県長野市大字南長野末広町1356 NACS末広3階,長野駅より徒歩2分
eminal_031,エミナルクリニック,岐阜院,〒500-8833,岐阜県岐阜市神田町6丁目12 シグザ神田ビル6階,名鉄岐阜駅より徒歩8分 またはJR岐阜駅より徒歩12分
eminal_032,エミナルクリニック,静岡院,〒420-0031,静岡県静岡市葵区呉服町2丁目8番1号 アイランドプラザビル 3F,JR静岡駅紺屋町地下街K8出口から徒歩2分 または静岡鉄道新静岡駅から徒歩4分
eminal_033,エミナルクリニック,浜松院,〒430-0934,静岡県浜松市中央区千歳町70-1 funビルディング3階,JR浜松駅から徒歩6分
eminal_034,エミナルクリニック,名古屋院,〒450-0002,愛知県名古屋市中村区名駅3丁目20番1号 サンシャイン名駅ビル4F,地下鉄桜通線 国際センター駅1番出口から徒歩1分
eminal_035,エミナルクリニック,豊橋院（施術専門院）,〒440-0881,愛知県豊橋市広小路1-39 豊栄ビルB1F,豊橋鉄道東田本線駅前駅から徒歩で1分
eminal_036,エミナルクリニック,四日市院,〒510-0086,三重県四日市市諏訪栄町10－5 ランドマークアーバンビル2・5階 （※新規カウンセリングは2階）,近鉄四日市駅から徒歩1分
eminal_037,エミナルクリニック,彦根院,〒522-0043,滋賀県彦根市高宮町1320-6 nonoHana南彦根1階,JR南彦根駅から徒歩5分
eminal_038,エミナルクリニック,京都院,〒600-8005,京都府京都市下京区四条通麩屋町西入立売東町28 SAKIZO PLAZA5階,阪急線烏丸駅から徒歩5分
eminal_039,エミナルクリニック,梅田院,〒530-0001,大阪府大阪市北区梅田1丁目12-6 E-MA(イーマ)3階,大阪梅田駅百貨店口から徒歩3分
eminal_040,エミナルクリニック,心斎橋院,〒542-0086,大阪府 大阪市中央区西心斎橋2-1-25 心斎橋W-Place 4F,御堂筋線心斎橋駅より徒歩5分 または四ツ橋線四ツ橋駅より徒歩7分
eminal_041,エミナルクリニック,天王寺院,〒545-0052,大阪府大阪市阿倍野区阿倍野筋1丁目5番10号あべのnini2階,阪堺電気軌道上町線天王寺駅前駅より徒歩2分 またはJR大阪環状線天王寺駅徒歩2分 またはOsaka Metro御堂筋線 天王寺駅 徒歩2分
eminal_042,エミナルクリニック,神戸院,〒651-0086,兵庫県神戸市中央区磯上通7-1-19 プログレス神戸4F,JR三ノ宮駅より徒歩5分 または阪神神戸三宮駅より徒歩6分
eminal_043,エミナルクリニック,姫路院,〒670-0927,兵庫県姫路市駅前町247 御幸苑ビル3階,JR姫路駅から徒歩1分 または山陽電鉄山陽姫路駅から徒歩1分
eminal_044,エミナルクリニック,奈良院,〒630-8241,奈良県奈良市高天町38-3 近鉄高天ビル2F,近鉄奈良駅 徒歩1分
eminal_045,エミナルクリニック,和歌山院,〒640-8331,和歌山県和歌山市美園町5-1-8 山榮ビル2階,和歌山駅徒歩2分
eminal_046,エミナルクリニック,岡山院,〒700-0903,岡山県岡山市北区幸町8－20 AQUAテラス幸町4階・5階,JR岡山駅後楽園口（東口）から徒歩8分
eminal_047,エミナルクリニック,広島院,〒730-0031,広島県広島市中区紙屋町2丁目3-4 広中ビル501,本通駅徒歩3分
eminal_048,エミナルクリニック,山口院,〒754-0043,山口県山口市小郡明治1丁目17番5号SMILE新山口ビルⅡ 2階,新山口駅北口から徒歩5分
eminal_049,エミナルクリニック,徳島院,〒770-0832,徳島県徳島市寺島本町東2-29 徳島電気ビル別館3階,JR徳島駅から徒歩4分
eminal_050,エミナルクリニック,高松院,〒760-0029,香川県高松市丸亀町7-16 丸亀町グリーン2F,瓦町駅徒歩7分
eminal_051,エミナルクリニック,松山院,〒790-0012,愛媛県松山市湊町5-4-25 日切ビル4F,松山市駅 徒歩4分
eminal_052,エミナルクリニック,高知院,〒780-0870,高知県高知市本町2丁目2-29 畑山ビル3階,とさでん交通市内線 大橋通駅 徒歩1分
eminal_053,エミナルクリニック,福岡天神院,〒810-0001,福岡県福岡市中央区天神2丁目7番8号 西天神ビル5階,西鉄福岡天神駅徒歩3分
eminal_054,エミナルクリニック,福岡天神2号院,〒810-0001,福岡県福岡市中央区天神2丁目4-12 天神矢野ビル3階,西鉄福岡天神駅徒歩2分
eminal_055,エミナルクリニック,小倉院,〒802-0006,福岡県北九州市小倉北区魚町2丁目3-20 第30エルザビル3F,平和通り駅から徒歩2分
eminal_056,エミナルクリニック,久留米総合美容外科(連携医療機関),〒830-0039,福岡県久留米市花畑1丁目23－2 西鉄花畑ビル2階 久留米総合美容外科内,西鉄花畑駅徒歩1分
eminal_057,エミナルクリニック,長崎院,〒850-0853,長崎県長崎市浜町3-20 浜町くまビル3階,観光通り電停から徒歩2分 または浜町アーケード電停から徒歩3分
eminal_058,エミナルクリニック,佐世保院,〒857-0875,長崎県佐世保市下京町9-13DKビルⅡ 3階,佐世保中央駅から徒歩6分
eminal_059,エミナルクリニック,大分院,〒870-0035,大分県大分市中央町1-1-20 ニューガイア大分駅前BLDG.7F,JR大分駅徒歩4分
eminal_060,エミナルクリニック,熊本院,〒860-0808,熊本県熊本市中央区手取本町4-17 TETORIHONCHO SAMURAI BLD.7F,通町筋駅から徒歩4分
eminal_061,エミナルクリニック,宮崎院,〒880-0001,宮崎県宮崎市橘通西3-10-36 ニシムラビル4F,宮崎交通バス「橘通り3丁目」バス停より徒歩3分
eminal_062,エミナルクリニック,鹿児島院,〒892-0842,鹿児島県鹿児島市東千石町14-1 巴里屋ビル 8階,天文館通駅徒歩すぐ
eminal_063,エミナルクリニック,那覇院,〒900-0034,沖縄県那覇市東町4-15 幸ビル4階・5階,ゆいレール旭橋駅より徒歩4分 または那覇バス旭橋駅前バス停すぐ
urara_001,ウララクリニック,新宿院,〒160-0022,東京都新宿区新宿3丁目4番8号京王フレンテ新宿3丁目6階,東京メトロ副都心線: 新宿三丁目駅より徒歩1分 JR山手線: 新宿駅より徒歩7分
urara_002,ウララクリニック,銀座院,〒104-0061,東京都中央区銀座2丁目11番8号ラウンドクロス銀座2丁目ビル8階,銀座駅から徒歩5分 銀座一丁目駅から徒歩2分 有楽町駅から徒歩8分 東銀座駅から徒歩1分
lieto_001,リエートクリニック,池袋院,〒171-0022,東京都豊島区南池袋1丁目25-11 第15野萩ビル 9階,JR線「池袋駅」徒歩1分
sbc_001,湘南美容クリニック,札幌院,〒060-0005,北海道札幌市中央区北5条西2-5 JRタワーオフィスプラザさっぽろ13F,-
sbc_002,湘南美容クリニック,札幌大通院,〒064-0821,北海道札幌市中央区北一条西3-3-10 KOKOHOTEL札幌駅前 3階,-
sbc_003,湘南美容クリニック,旭川院,〒070-0031,北海道旭川市一条通7丁目47番地1 プレミスト旭川ザ・タワー 2階,-
sbc_004,湘南美容クリニック,青森院,〒038-0012,青森県青森市柳川一丁目2番3号 青森駅ビル・ラビナ4階,-
sbc_005,湘南美容クリニック,秋田院,〒010-0874,秋田県秋田市 千秋久保田町4-2 秋田オーパ7階,-
sbc_006,湘南美容クリニック,山形院,〒990-0039,山形県山形市香澄町一丁目１番１号 エスパル山形 5階,-
sbc_007,湘南美容クリニック,仙台院,〒980-0021,宮城県仙台市青葉区中央1ｰ2ｰ3仙台マークワン17階,-
sbc_008,湘南美容クリニック,福島院,〒960-8031,福島県福島市栄町6-1 メディアシティエスタ4F,-
sbc_009,湘南美容クリニック,郡山院,〒426-0034,福島県郡山市駅前一丁目16番7号 アティ郡山 8階,-
sbc_010,湘南美容クリニック,いわき院,〒970-8026,福島県いわき市平字田町120番地 ラトブ3階,-
sbc_011,湘南美容クリニック,宇都宮院,〒321-0953,栃木県宇都宮市東宿郷2-4-3 宇都宮大塚ビル3階,-
sbc_012,湘南美容クリニック,高崎院,〒370-0849,群馬県高崎市八島町70 ラ・メルセ2階,-
sbc_013,湘南美容クリニック,水戸院,〒310-0015,茨城県水戸市宮町1-2-4 水戸駅前マイムビル3F,-
sbc_014,湘南美容クリニック,新宿本院,〒163-1390,東京都新宿区西新宿6-5-1 新宿アイランドタワー24F,-
sbc_015,湘南美容クリニック,新宿南口院,〒160-0022,東京都新宿区新宿４-2-23 新四Ｃurumuビル6階,-
sbc_016,湘南美容クリニック,渋谷院,〒150-0042,東京都渋谷区宇田川町20-11 渋谷三葉ビル5階,-
sbc_017,湘南美容クリニック,表参道院,〒107-0061,東京都港区北青山3-11-7AOビル7階,-
sbc_018,湘南美容クリニック,品川院,〒108-0075,東京都港区港南2-4-3 三和港南ビル3F,-
sbc_019,湘南美容クリニック,新橋銀座口院,〒105-0004,東京都港区新橋1-12-9 新橋プレイス9F,-
sbc_020,湘南美容クリニック,銀座院,〒104-0061,東京都中央区銀座四丁目3番1号 並木館9階,-
sbc_021,湘南美容クリニック,銀座一丁目院,〒104-0061,東京都中央区銀座1-3-9 マルイト銀座ビル2階,-
sbc_022,湘南美容クリニック,Regno銀座院,〒104-0061,東京都中央区銀座5‐10‐2GINZA MISS PARIS3階,-
sbc_023,湘南美容クリニック,池袋西口院,〒171-0014,東京都豊島区池袋2-6-1 KDX池袋ビル3F,-
sbc_024,湘南美容クリニック,池袋東口院,〒171-0022,東京都豊島区南池袋一丁目19番地5号 Gビル南池袋01 7階,-
sbc_025,湘南美容クリニック,錦糸町院,〒130-8535,東京都墨田区江東橋4丁目27番14号 楽天地ビル２Ｆ,-
sbc_026,湘南美容クリニック,上野院,〒110-0005,東京都台東区上野1-20-11 鈴乃屋本店ビル8F,-
sbc_027,湘南美容クリニック,秋葉原院,〒110-0006,東京都台東区秋葉原1-1 秋葉原ビジネスセンター6階,-
sbc_028,湘南美容クリニック,自由が丘院,〒152-0035,東京都目黒区自由が丘2-13-6 TOKYU REIT 自由が丘スクエア4階,-
sbc_029,湘南美容クリニック,二子玉川院,〒158-0094,東京都世田谷区玉川3-11-7 T's SQUARE 2階,-
sbc_030,湘南美容クリニック,東京蒲田院,〒144-0052,東京都大田区蒲田5-17-1 ヒューリック蒲田ビル8F,-
sbc_031,湘南美容クリニック,赤羽院,〒115-0045,東京都北区赤羽1－9－3 赤羽駅前ビル7階,-
sbc_032,湘南美容クリニック,豊洲院,〒135-0061,東京都江東区豊洲5-6-36 豊洲プライムスクエア5F,-
sbc_033,湘南美容クリニック,北千住院,〒120-0034,東京都足立区千住3丁目74−1 第2白亜ビル2階,-
sbc_034,湘南美容クリニック,西葛西院,〒134-0088,東京都江戸川区西葛西3-18-1 1階,-
sbc_035,湘南美容クリニック,町田院,〒194-0013,東京都町田市原町田6－9－7 アエタ町田7階,-
sbc_036,湘南美容クリニック,吉祥寺院,〒180-0004,東京都武蔵野市吉祥寺本町1丁目8－22 吉祥寺パレスビル3階,-
sbc_037,湘南美容クリニック,調布院,〒182-0026,東京都調布市小島町1丁目35-5 調布アミックスビル4階,-
sbc_038,湘南美容クリニック,立川院,〒190-0023,東京都立川市柴崎町3‐6‐23 LXビル４F,-
sbc_039,湘南美容クリニック,八王子院,〒192-0083,東京都八王子市旭町11－8 アクセスビル７F,-
sbc_040,湘南美容クリニック,武蔵小杉院,〒211-0016,神奈川県川崎市中原区市ノ坪449‐3シティータワー武蔵小杉2F,-
sbc_041,湘南美容クリニック,川崎院,〒210-0024,神奈川県川崎市川崎区日進町1‐11 川崎ルフロン8F,-
sbc_042,湘南美容クリニック,新百合ヶ丘院,〒215-0021,神奈川県川崎市麻生区上麻生一丁目20番1号 小田急アコルデ新百合ヶ丘7階,-
sbc_043,湘南美容クリニック,横浜院,〒221-0835,神奈川県横浜市神奈川区鶴屋町2-23-2 TSプラザビル3F,-
sbc_044,湘南美容クリニック,横浜東口院,〒220-0011,神奈川県横浜市西区高島2‐19‐12 スカイビル16階,-
sbc_045,湘南美容クリニック,横浜青葉台院,〒227-0062,神奈川県横浜市青葉区青葉台二丁目5番地14 SMBC青葉台ビル6階,-
sbc_046,湘南美容クリニック,イオン横浜西口院,〒220-0005,神奈川県横浜市西区南幸2丁目16-1 イオン CeeU Yokohama 9階,-
sbc_047,湘南美容クリニック,新横浜院,〒222-0033,神奈川県横浜市港北区新横浜三丁目6-2 新横浜ゲートサイド7階,-
sbc_048,湘南美容クリニック,本厚木院,〒243-0018,神奈川県厚木市中町2丁目2－1 本厚木ミロード2 7階,-
sbc_049,湘南美容クリニック,藤沢院,〒251-0055,神奈川県藤沢市南藤沢3-12 クリオ藤沢4F,-
sbc_050,湘南美容クリニック,辻堂アカデミア,〒251-0041,神奈川県藤沢市辻堂神台1-3-39 オザワビル4F,-
sbc_051,湘南美容クリニック,橋本院,〒252-0143,神奈川県相模原市緑区橋本3-19-3 ヴィンテージ橋本２F,-
sbc_052,湘南美容クリニック,横須賀中央院,〒238-0008,神奈川県横須賀市大滝町2-15-1 横須賀東相ビル4階,-
sbc_053,湘南美容クリニック,小田原院,〒250-0045,神奈川県小田原市城山1-4-1 城山タワープラザ3階,-
sbc_054,湘南美容クリニック,柏院,〒277-0005,千葉県柏市柏1-7-1 Day Oneタワー2階,-
sbc_055,湘南美容クリニック,松戸院,〒271-0092,千葉県松戸市松戸1307-1 松戸ビル2階,-
sbc_056,湘南美容クリニック,新浦安院,〒279-0012,千葉県浦安市入船一丁目５番2号 プライムタワー新浦安20階,-
sbc_057,湘南美容クリニック,船橋院,〒273-0005,千葉県船橋市本町4-2-9 菅野屋船橋ビル4階,-
sbc_058,湘南美容クリニック,千葉センシティ院,〒260-0028,千葉県千葉市中央区新町1000番地 センシティビルディング9階,-
sbc_059,湘南美容クリニック,流山おおたかの森院,〒270-0128,千葉県流山市おおたかの森西1丁目2－3 アゼリアテラス901,-
sbc_060,湘南美容クリニック,津田沼院,〒275-0016,千葉県習志野市津田沼1丁目2番13号 OKビル3階,-
sbc_061,湘南美容クリニック,大宮西口院,〒330-0854,埼玉県さいたま市大宮区桜木町一丁目6番地2 大宮スカイビル そごう大宮店 本館13階,-
sbc_062,湘南美容クリニック,大宮東口院,〒330-0846,埼玉県さいたま市大宮区大門町2-22-1 TAIGAビル3階,-
sbc_063,湘南美容クリニック,南越谷院,〒343-0845,埼玉県越谷市南越谷1丁目19-1 LOC‘S南越谷 5階,-
sbc_064,湘南美容クリニック,浦和院,〒330-0063,埼玉県さいたま市浦和区高砂２丁目８−16 浦和ガーデンビル3階,-
sbc_065,湘南美容クリニック,所沢院,〒359-1123,埼玉県所沢市日吉町11-19基和ビル5階,-
sbc_066,湘南美容クリニック,川口院,〒332-0017,埼玉県川口市栄町3-10-1 長堀ビル5階,-
sbc_067,湘南美容クリニック,川越院,〒350-1123,埼玉県川越市脇田本町1-5 川越ウェストビル7F,-
sbc_068,湘南美容クリニック,熊谷院,〒360-0037,埼玉県熊谷市筑波3-195 熊谷駅前ビル2階,-
sbc_069,湘南美容クリニック,名古屋駅本院,〒450-0002,愛知県名古屋市中村区名駅四丁目８番26号 エニシオ名駅3階,-
sbc_070,湘南美容クリニック,名古屋院,〒450-0002,愛知県名古屋市中村区名駅3-26-8 KDX名古屋駅前ビル12F,-
sbc_071,湘南美容クリニック,名古屋栄院,〒460-0003,愛知県名古屋市中区錦3-16-27 栄パークサイドプレイス6階,-
sbc_072,湘南美容クリニック,金山院,〒460-0022,愛知県名古屋市中区金山1-15-10 メイフィス金山駅前ビル8階,-
sbc_073,湘南美容クリニック,豊田院,〒471-0027,愛知県豊田市喜多町3丁目110番地 コモ・スクエア・イースト2階,-
sbc_074,湘南美容クリニック,豊橋院,〒440-0888,愛知県豊橋市駅前大通1丁目135 ココラアベニュー3階,-
sbc_075,湘南美容クリニック,四日市院,〒510-8585,三重県四日市市諏訪栄町7-34 近鉄百貨店 四日市店8階,-
sbc_076,湘南美容クリニック,岐阜院,〒500-8833,岐阜県岐阜市神田町9－27大岐阜ビル3階,-
sbc_077,湘南美容クリニック,静岡院,〒420-0857,静岡県静岡市葵区御幸町6-10 静岡モディ7階,-
sbc_078,湘南美容クリニック,静岡南口院,〒422-8067,静岡県静岡市駿河区南町10-5 地建南町ビル3F,-
sbc_079,湘南美容クリニック,浜松院,〒430-0927,静岡県浜松市中央区旭町12-1 遠鉄百貨店 新館8階,-
sbc_080,湘南美容クリニック,長野院,〒380-0825,長野県長野市南長野末広町1355-5 ウエストプラザ長野ビル6階,-
sbc_081,湘南美容クリニック,甲府院,〒400-0031,山梨県甲府市丸の内1丁目1−8 セレオ甲府5階,-
sbc_082,湘南美容クリニック,長岡院,〒940-0061,新潟県長岡市城内町一丁目611番地1 長岡駅ビル CoCoLo長岡 本館M2階,-
sbc_083,湘南美容クリニック,新潟院,〒950-0909,新潟県新潟市中央区八千代2-1-2 ビルボードプレイス 3F,-
sbc_084,湘南美容クリニック,福井院,〒910-0006,福井県福井市中央一丁目10－30 アクロスキューブ福井中央 2階,-
sbc_085,湘南美容クリニック,金沢院,〒920-0853,石川県金沢市本町2-15-1 ポルテ金沢3F,-
sbc_086,湘南美容クリニック,富山院,〒930-0003,富山県富山市桜町1丁目1番61号 マリエとやま 6階,-
sbc_087,湘南美容クリニック,大阪梅田院,〒530-0013,大阪府大阪市北区茶屋町1-27 ABCマート梅田ビル6階,-
sbc_088,湘南美容クリニック,大阪心斎橋院,〒542-0085,大阪府大阪市中央区心斎橋筋2-7-18 プライムスクエア心斎橋10F,-
sbc_089,湘南美容クリニック,大阪あべの院,〒545-0052,大阪府大阪市阿倍野区阿倍野筋1-3-21 岸本ビル8Ｆ,-
sbc_090,湘南美容クリニック,大阪京橋院,〒534-0024,大阪府大阪市都島区東野田町2-9-7 K2ビル4階,-
sbc_091,湘南美容クリニック,大阪なんば院,〒542-0076,大阪府大阪市中央区難波5-1-60 スイスホテル南海大阪6階,-
sbc_092,湘南美容クリニック,大阪駅前院,〒530-0057,大阪府大阪市北区曽根崎2-12-4 コフレ梅田11階,-
sbc_093,湘南美容クリニック,大阪堺東院,〒590-0076,大阪府堺市堺区北瓦町2丁4番16号 堺富士ビル8階,-
sbc_094,湘南美容クリニック,枚方院,〒573-1191,大阪府枚方市新町一丁目１番８号 Hirakata Woven 3階,-
sbc_095,湘南美容クリニック,江坂院,〒564-0051,大阪府吹田市豊津町9-44 ハートランド江坂6F,-
sbc_096,湘南美容クリニック,京都院,〒600-8005,京都府京都市下京区四条通柳馬場東入立売東町12-1 日土地京都四条通ビル5階,-
sbc_097,湘南美容クリニック,京都河原町院,〒600-8002,京都府京都市下京区四条通寺町東入ル2丁目御旅町46番地 寺内ノースサイドビル4F,-
sbc_098,湘南美容クリニック,京都駅ビル院,〒600-8216,京都府京都市下京区烏丸通塩小路下る東塩小路町901 京都駅ビル9階,-
sbc_099,湘南美容クリニック,奈良院,〒631-0821,奈良県奈良市西大寺東町2-4-1 ならファミリー1階,-
sbc_100,湘南美容クリニック,神戸三宮院,〒650-0021,兵庫県神戸市中央区三宮町1丁目4-8 関電不動産神戸三宮ビル4F,-
sbc_101,湘南美容クリニック,明石院,〒673-0891,兵庫県明石市大明石町1丁目5－4 三井住友銀行明石ビル6階,-
sbc_102,湘南美容クリニック,姫路院,〒670-0927,兵庫県姫路市駅前町254 姫路駅前ビル2F,-
sbc_103,湘南美容クリニック,西宮北口院,〒662-0832,兵庫県西宮市甲風園1-10‐1 サテライトビル2 5F,-
sbc_104,湘南美容クリニック,和歌山院,〒640-8342,和歌山県和歌山市友田町5丁目18番地 和歌山ミオ北館2階,-
sbc_105,湘南美容クリニック,広島院,〒730-0013,広島県広島市中区八丁堀16-3 広島第一ビル6F,-
sbc_106,湘南美容クリニック,福山院,〒720-0066,広島県福山市三之丸町30-1 さんすて福山2階,-
sbc_107,湘南美容クリニック,倉敷院,〒710-0055,岡山県倉敷市阿知１丁目1-1 さんすて倉敷2階,-
sbc_108,湘南美容クリニック,岡山院,〒700-0024,岡山県岡山市北区駅元町1番25号 さんすて岡山西館4F,-
sbc_109,湘南美容クリニック,下関院,〒750-8503,山口県下関市竹崎町4丁目4番10号 大丸下関店7F,-
sbc_110,湘南美容クリニック,高松院,〒760-0029,香川県高松市丸亀町3-13 高松丸亀町参番街西館2階,-
sbc_111,湘南美容クリニック,高知院,〒780-0822,高知県高知市はりまや町1丁目5－1 デンテツターミナルビル6階,-
sbc_112,湘南美容クリニック,松山院,〒790-0012,愛媛県松山市湊町4‐10‐8 BE-FLATビル3階,-
sbc_113,湘南美容クリニック,福岡院,〒810-0004,福岡県福岡市中央区渡辺通4-9-25 Luz福岡天神7階,-
sbc_114,湘南美容クリニック,博多院,〒812-0013,福岡県福岡市博多区博多駅東2-5-33 ゲートスクエア博多駅前 4階,-
sbc_115,湘南美容クリニック,久留米院,〒830-0033,福岡県久留米市天神町1番地6 千歳プラザ東館3階,-
sbc_116,湘南美容クリニック,小倉院,〒802-0001,福岡県北九州市小倉北区浅野1‐1‐1 アミュプラザ小倉4F,-
sbc_117,湘南美容クリニック,大分院,〒870-0035,大分県大分市中央町１丁目2-17 大分OPA 3階,-
sbc_118,湘南美容クリニック,熊本院,〒860-0808,熊本県熊本市中央区手取本町4-1 大劇会館6階,-
sbc_119,湘南美容クリニック,長崎院,〒850-0058,長崎県長崎市尾上町1-1 アミュプラザ長崎新館4階,-
sbc_120,湘南美容クリニック,宮崎院,〒880-0806,宮崎県宮崎市広島2-11-11 アミュプラザみやざき やま館 6F,-
sbc_121,湘南美容クリニック,鹿児島院,〒892-0827,鹿児島県鹿児島市中町5-26 カリーノ天文館5階,-
sbc_122,湘南美容クリニック,鹿児島中央院,〒890-0045,鹿児島県鹿児島市武1丁目2番1号 鹿児島中央駅西口複合ビル3階,-
sbc_123,湘南美容クリニック,那覇院,〒900-0015,沖縄県那覇市久茂地1-3-1 久茂地セントラルビル 2階,-
sbc_124,湘南美容クリニック,ベトナム院,〒700000,230 Nguyen Dinh Chieu 6,-